Date,Stock1,Stock2
08/20/82,631640,361185
08/27/82,631162,358559
09/24/82,634327,357494
10/01/82,635047,357414
10/08/82,636613,357888
10/15/82,630409,349607
10/22/82,640391,356998
10/29/82,639963,355695
11/05/82,639060,354154
11/12/82,632743,346545
11/19/82,640696,354361
11/26/82,636892,348736
12/03/82,646462,356499
12/10/82,653504,361995
12/17/82,654682,362964
12/24/82,651601,359113
12/31/82,647416,354202
01/07/83,644016,349198
01/14/83,656965,361525
01/21/83,653359,356675
01/28/83,660493,362114
02/04/83,656154,355237
02/11/83,663389,361429
02/18/83,668496,364750
02/25/83,677510,372162
03/04/83,668606,361642
03/11/83,672696,364179
03/18/83,668083,358327
03/25/83,669901,359581
04/01/83,665263,353422
04/08/83,671053,357470
04/15/83,677563,362746
04/29/83,682370,364914
05/13/83,685725,364976
05/20/83,691934,367818
06/03/83,683377,356545
06/10/83,682747,355345
06/17/83,682622,354651
06/24/83,683628,353549
07/01/83,687782,355646
07/08/83,683696,349035
07/15/83,682321,346524
07/22/83,683803,345902
07/29/83,688488,348526
08/05/83,686411,344632
08/12/83,680783,336851
08/19/83,688558,342869
08/26/83,696036,347005
09/02/83,702583,350800
09/09/83,701614,348275
09/16/83,705692,349997
09/23/83,708397,350108
09/30/83,711389,350933
10/07/83,715031,353755
10/14/83,721257,356324
10/21/83,718925,353713
10/28/83,712383,346242
11/04/83,726182,357858
11/11/83,730928,361362
11/18/83,727040,356880
11/25/83,723355,352725
12/02/83,719481,348190
12/09/83,728636,354118
12/16/83,727842,352837
12/23/83,725579,348395
12/30/83,727263,348954
01/06/84,730620,349956
01/13/84,736290,353690
01/20/84,733493,349697
01/27/84,730642,346187
02/03/84,727199,342429
02/10/84,727096,341624
02/17/84,729961,343684
02/24/84,726521,339586
03/02/84,726731,339497
03/09/84,722442,334883
03/16/84,722933,334196
03/23/84,720088,330823
03/30/84,724055,332257
04/06/84,735998,342499
04/13/84,739396,345897
04/20/84,740645,345315
04/27/84,737491,341534
05/04/84,745434,348229
05/11/84,752346,353892
05/18/84,761606,362106
05/25/84,754903,354061
06/01/84,764019,361194
06/08/84,768918,363724
06/15/84,768134,359769
06/22/84,761979,353249
06/29/84,770144,357534
07/06/84,765446,351716
07/13/84,771519,354487
07/20/84,780013,361168
07/27/84,773039,352945
08/03/84,777522,353623
08/10/84,780889,354779
08/17/84,772169,344569
08/24/84,775597,347317
08/31/84,772289,342822
09/07/84,769859,339758
09/14/84,769194,339093
09/21/84,758450,328043
09/28/84,760578,329512
10/05/84,764292,332206
10/12/84,772685,339605
10/19/84,769664,336268
10/26/84,775790,341895
11/02/84,772284,336191
11/09/84,785115,346384
11/16/84,794698,355470
11/23/84,795181,353908
11/30/84,789923,346877
12/07/84,787666,343592
12/14/84,799177,353083
12/21/84,789396,341837
12/28/84,792738,343581
01/04/85,791566,341061
01/11/85,796096,345245
01/18/85,801446,347646
01/25/85,793221,339056
02/01/85,787943,330711
02/08/85,784995,327240
02/15/85,777433,319327
02/22/85,775932,317179
03/01/85,779603,320084
03/08/85,784663,324525
03/15/85,789069,328671
03/22/85,792755,331750
03/29/85,795742,334476
04/05/85,784791,323174
04/12/85,787880,325918
04/19/85,793276,330889
04/26/85,807430,343379
05/03/85,816238,351298
05/10/85,814683,348556
05/17/85,817068,349214
05/24/85,824815,354847
05/31/85,825686,354350
06/07/85,823657,351727
06/14/85,825895,352469
06/21/85,825859,351240
06/28/85,820995,344845
07/05/85,818224,341653
07/12/85,813800,335802
07/19/85,815852,334599
07/26/85,810142,328090
08/02/85,807056,323523
08/09/85,812617,328670
08/16/85,810989,326349
08/23/85,801082,315463
08/30/85,807995,321135
09/06/85,803987,316604
09/13/85,804785,317030
09/20/85,799762,311743
09/27/85,802626,313377
10/04/85,805509,316255
10/11/85,813184,323930
10/18/85,805799,316545
10/25/85,809331,319715
11/01/85,802871,312991
11/08/85,802489,312349
11/15/85,800639,310499
11/22/85,804685,313891
11/29/85,807412,316355
12/06/85,813982,322155
12/13/85,810632,318550
12/20/85,814620,322013
12/27/85,812996,320330
01/03/86,820189,326873
01/10/86,814298,321505
01/17/86,812498,319705
01/24/86,820864,327358
01/31/86,819111,324722
02/07/86,827822,333430
02/14/86,823194,328802
02/21/86,817395,322671
02/28/86,827288,332231
03/07/86,831574,335792
03/14/86,830288,334506
03/21/86,833068,336880
03/28/86,841924,345334
04/04/86,835357,338465
04/11/86,839058,341763
04/18/86,836928,339369
04/25/86,831819,333649
05/02/86,838078,339294
05/09/86,832129,333345
05/16/86,824141,325357
05/23/86,829729,330599
05/30/86,827056,327577
06/06/86,833194,332902
06/13/86,822022,321327
06/20/86,825664,324621
06/27/86,827370,325986
07/04/86,823006,321220
07/11/86,822881,320750
07/18/86,831694,328944
07/25/86,835025,331930
08/01/86,845521,342123
08/08/86,838435,335035
08/15/86,837173,332982
08/22/86,835444,330866
08/29/86,838039,333066
09/05/86,833453,328480
09/12/86,838040,332724
09/19/86,835172,329514
09/26/86,841893,335512
10/03/86,843731,337350
10/10/86,840990,334609
10/17/86,848415,341600
10/24/86,846839,340024
10/31/86,856875,349357
11/07/86,846512,338618
11/14/86,851423,343025
11/21/86,850198,341800
11/28/86,853650,344383
12/05/86,849466,339996
12/12/86,852753,343075
12/19/86,850654,339998
12/26/86,839614,328613
01/02/87,841118,329554
01/09/87,850613,338657
01/16/87,841463,328991
01/23/87,839003,325965
01/30/87,845121,331186
02/06/87,845225,330025
02/13/87,844866,329463
02/20/87,845560,329751
02/27/87,849528,333037
03/06/87,848538,331829
03/13/87,845427,327361
03/20/87,853269,334858
03/27/87,848422,329504
04/03/87,855817,335838
04/10/87,850644,330298
04/17/87,842176,321273
04/24/87,841224,319974
05/01/87,851244,329261
05/08/87,847180,324305
05/15/87,845327,321972
05/22/87,848919,325075
05/29/87,846081,321261
06/05/87,847968,322233
06/12/87,848708,322624
06/19/87,849591,323162
06/26/87,852505,325733
07/03/87,853511,326322
07/10/87,852228,324241
07/17/87,848415,320085
07/24/87,852252,323081
07/31/87,858126,328456
08/07/87,852968,322458
08/14/87,854762,323912
08/21/87,862008,330720
08/28/87,862922,330951
09/04/87,867011,335040
09/11/87,866551,334232
09/18/87,867188,334134
09/25/87,870984,337589
10/02/87,869517,335623
10/09/87,866292,332398
10/16/87,869420,335192
10/23/87,873255,338294
10/30/87,885638,350333
11/06/87,890701,354594
11/13/87,893017,356496
11/20/87,896848,359537
11/27/87,894860,357153
12/04/87,897028,358481
12/11/87,898378,359831
12/18/87,900898,361847
12/25/87,900513,360355
01/01/88,895629,354970
01/08/88,883159,342166
01/15/88,883368,341883
01/22/88,882560,341075
01/29/88,879755,337323
02/05/88,881203,338483
02/12/88,876954,333742
02/19/88,885444,342232
02/26/88,889073,345417
03/04/88,890782,346636
03/11/88,891193,346550
03/18/88,894942,350299
03/25/88,893578,348651
04/01/88,894546,349619
04/08/88,900566,354787
04/15/88,900562,354378
04/22/88,905343,359159
04/29/88,902814,356124
05/06/88,908440,361182
05/13/88,911649,364391
05/20/88,913568,366310
05/27/88,909652,362055
06/03/88,911830,363892
06/10/88,910153,361243
06/17/88,914350,365440
06/24/88,912072,362711
07/01/88,913088,363391
07/08/88,911268,360864
07/15/88,906088,355340
07/22/88,902875,351832
07/29/88,904791,353446
08/05/88,902725,351078
08/12/88,900361,348714
08/19/88,895595,343948
08/26/88,891395,339254
09/02/88,886640,334499
09/09/88,885674,332638
09/16/88,879134,326098
09/23/88,874929,321385
09/30/88,881137,326991
10/07/88,880920,326774
10/14/88,886420,331771
10/21/88,891569,336409
10/28/88,893728,337725
11/04/88,899228,343227
11/11/88,896649,339805
11/18/88,905633,347953
11/25/88,901718,343539
12/02/88,899636,340966
12/09/88,904138,345465
12/16/88,899374,340207
12/23/88,895149,335982
12/30/88,894384,334871
01/06/89,887537,327629
01/13/89,885479,324718
01/20/89,889752,328566
01/27/89,890247,329061
02/03/89,897049,335187
02/10/89,889143,326459
02/17/89,890335,327307
02/24/89,889871,326497
03/03/89,899888,336004
03/10/89,899024,334795
03/17/89,904905,339327
03/24/89,904380,338802
03/31/89,894334,328756
04/07/89,893670,327446
04/14/89,889726,323019
04/21/89,900118,333411
04/28/89,904930,337500
05/05/89,915876,347868
05/12/89,918624,349714
05/19/89,912139,343229
05/26/89,910738,341318
06/02/89,915646,345244
06/09/89,912910,341998
06/16/89,910492,339580
06/23/89,914007,343095
06/30/89,907533,335812
07/07/89,908602,336541
07/14/89,907073,334216
07/21/89,906416,333214
07/28/89,908517,334472
08/04/89,909081,334691
08/11/89,906042,331654
08/18/89,915008,340620
08/25/89,914259,339527
09/01/89,914690,339314
09/08/89,917524,341592
09/15/89,907012,330738
09/22/89,908486,331893
09/29/89,911600,334472
10/06/89,915904,338773
10/13/89,921729,344299
10/20/89,915311,337529
10/27/89,920447,342665
11/03/89,918932,340649
11/10/89,926864,348205
11/17/89,927032,348031
11/24/89,923863,344376
12/01/89,932382,352895
12/08/89,923416,343562
12/15/89,928370,348516
12/22/89,925724,345870
12/29/89,924644,344790
01/05/90,924664,344810
01/12/90,928635,348407
01/19/90,926989,346761
01/26/90,924939,344711
02/02/90,934849,354250
02/09/90,930363,349438
02/16/90,927916,346991
02/23/90,923340,342415
03/02/90,927071,346146
03/09/90,933889,352472
03/16/90,932443,351026
03/23/90,941678,360261
03/30/90,944612,363195
04/06/90,952711,370432
04/13/90,953628,371349
04/20/90,952068,369789
04/27/90,956653,373997
05/04/90,956785,373366
05/11/90,962384,378079
05/18/90,967058,381875
05/25/90,968781,382600
06/01/90,971263,385082
06/08/90,973131,386950
06/15/90,972646,386465
06/22/90,973349,387168
06/29/90,974858,388172
07/06/90,971658,384972
07/13/90,976193,389515
07/20/90,974016,387338
07/27/90,978585,391907
08/03/90,970695,384018
08/10/90,965851,379173
08/17/90,966705,379503
08/24/90,969819,381127
08/31/90,965503,375880
09/07/90,968392,378769
09/14/90,962745,373122
09/21/90,957020,367397
09/28/90,947193,357570
10/05/90,945001,355378
10/12/90,937482,347859
10/19/90,934722,345099
10/26/90,935964,346341
11/02/90,939756,350390
11/09/90,940251,352034
11/16/90,934229,346291
11/23/90,930582,343266
11/30/90,932756,345853
12/07/90,926371,340355
12/14/90,924789,339097
12/21/90,926627,340935
12/28/90,920555,334863
01/04/91,912942,327250
01/11/91,913839,328148
01/18/91,912450,326759
01/25/91,912443,326751
02/01/91,915654,329962
02/08/91,915937,331172
02/15/91,920597,337091
02/22/91,919241,335996
03/01/91,917768,336208
03/08/91,912284,334536
03/15/91,915897,340911
03/22/91,914237,341784
03/29/91,917931,346521
04/05/91,909102,340620
04/12/91,913600,345118
04/19/91,910514,342032
04/26/91,916058,347576
05/03/91,912338,343856
05/10/91,912104,343621
05/17/91,918096,349613
05/24/91,917523,349040
05/31/91,924400,355917
06/07/91,924533,356050
06/14/91,925332,356849
06/21/91,923953,355471
06/28/91,920901,352418
07/05/91,922180,353697
07/12/91,921130,352642
07/19/91,919345,350857
07/26/91,915576,347088
08/02/91,916252,347764
08/09/91,917966,349478
08/16/91,916047,347545
08/23/91,921351,352849
08/30/91,923253,354751
09/06/91,913646,345143
09/13/91,907079,338576
09/20/91,907210,338707
09/27/91,911917,343414
10/04/91,910496,341993
10/11/91,913829,345326
10/18/91,911369,342866
10/25/91,920190,351687
11/01/91,914112,345609
11/08/91,917927,349424
11/15/91,923065,354560
11/22/91,917057,348552
11/29/91,911600,343095
12/06/91,917171,348669
12/13/91,911133,342631
12/20/91,906981,338479
12/27/91,896901,328399
01/03/92,902372,333870
01/10/92,905869,337361
01/17/92,904693,336185
01/24/92,910364,341856
01/31/92,905948,337440
02/07/92,905748,337240
02/14/92,903943,335433
02/21/92,907118,338608
02/28/92,914139,345629
03/06/92,920709,352199
03/13/92,915264,346754
03/20/92,918795,350285
03/27/92,913275,344765
04/03/92,909165,340655
04/10/92,917621,349110
04/17/92,920427,351916
04/24/92,921229,352718
05/01/92,923193,354682
05/08/92,922533,354022
05/15/92,923828,355317
05/22/92,919239,350728
05/29/92,916593,348082
06/05/92,916768,348257
06/12/92,917567,349053
06/19/92,911266,342752
06/26/92,901369,331848
07/03/92,900423,330901
07/10/92,903086,333564
07/17/92,896719,327199
07/24/92,896693,327173
07/31/92,902484,332964
08/07/92,900831,331310
08/14/92,899838,330317
08/21/92,904697,334921
08/28/92,897561,327469
09/04/92,899171,329079
09/11/92,898718,328396
09/18/92,899554,329232
09/25/92,894820,324498
10/02/92,899038,327598
10/09/92,898257,326819
10/16/92,902365,329063
10/23/92,903390,330088
10/30/92,906997,333494
11/06/92,900828,327253
11/13/92,893787,320212
11/20/92,899605,325768
11/27/92,901152,327315
12/04/92,900417,326580
12/11/92,906191,332152
12/18/92,906226,331833
12/25/92,894606,320044
01/01/93,895272,320634
01/08/93,892725,318002
01/15/93,900910,325933
01/22/93,899912,324767
01/29/93,902016,326769
02/05/93,905905,330592
02/12/93,912594,337283
02/19/93,902543,326961
02/26/93,910565,334844
03/05/93,916591,340785
03/12/93,922409,346392
03/19/93,910044,333210
03/26/93,918486,341108
04/02/93,919233,341627
04/09/93,931744,353151
04/16/93,922484,343891
04/23/93,924826,344986
04/30/93,929168,347683
05/07/93,929794,348105
05/14/93,935259,353557
05/21/93,938625,356671
05/28/93,934890,352853
06/04/93,933213,351092
06/11/93,925297,343178
06/18/93,934856,352431
06/25/93,941146,358721
07/02/93,933093,350567
07/09/93,936743,353989
07/16/93,945094,362155
07/23/93,939567,356628
07/30/93,935150,352211
08/06/93,936340,353008
08/13/93,932089,348502
08/20/93,927528,343775
08/27/93,928968,345131
09/03/93,922649,338562
09/10/93,923971,339884
09/17/93,924856,339673
09/24/93,915655,330147
10/01/93,913275,327688
10/08/93,917604,331946
10/15/93,912982,327072
10/22/93,920490,334497
10/29/93,922360,336281
11/05/93,919541,333462
11/12/93,924721,338473
11/19/93,919529,332961
11/26/93,920981,334354
12/03/93,926580,339787
12/10/93,932909,346115
12/17/93,935409,348525
12/24/93,935241,348357
12/31/93,928838,341820
01/07/94,921980,334900
01/14/94,921786,334706
01/21/94,916374,329228
01/28/94,919482,332318
02/04/94,923416,336224
02/11/94,919061,331869
02/18/94,922089,334897
02/25/94,914907,327715
03/04/94,922612,335419
03/11/94,917536,330343
03/18/94,931415,342246
03/25/94,926284,337115
04/01/94,926480,337311
04/08/94,928082,337826
04/15/94,930936,339757
04/22/94,931014,339835
04/29/94,931924,340745
05/06/94,925958,334779
05/13/94,925014,333841
05/20/94,926668,335495
05/27/94,925574,334401
06/03/94,920838,329665
06/10/94,918034,326856
06/17/94,916467,325289
06/24/94,919946,328768
07/01/94,920916,329738
07/08/94,921581,329912
07/15/94,924763,333094
07/22/94,928021,336351
07/29/94,922169,330499
08/05/94,919519,327846
08/12/94,922633,330961
08/19/94,919797,328124
08/26/94,917353,325680
09/02/94,917129,325456
09/09/94,916869,325194
09/16/94,918324,326649
09/23/94,924219,332544
09/30/94,927490,335815
10/07/94,926480,334805
10/14/94,930921,339245
10/21/94,929092,337416
10/28/94,938427,346751
11/04/94,937361,345685
11/11/94,936631,344957
11/18/94,933653,341979
11/25/94,931181,339507
12/02/94,930787,339113
12/09/94,929298,337625
12/16/94,928643,336970
12/23/94,929329,337656
12/30/94,921939,330266
01/06/95,923873,332200
01/13/95,922588,330918
01/20/95,916174,324504
01/27/95,915893,324223
02/03/95,919046,327376
02/10/95,912713,321042
02/17/95,920076,328405
02/24/95,914505,322834
03/03/95,917023,325352
03/10/95,917510,325837
03/17/95,918049,326376
03/24/95,922099,330426
03/31/95,929860,338187
04/07/95,927044,335372
04/14/95,928228,336556
04/21/95,931251,339578
04/28/95,927143,335471
05/05/95,925183,333511
05/12/95,926005,334334
05/19/95,921856,330185
05/26/95,918837,327166
06/02/95,916916,325245
06/09/95,916361,324692
06/16/95,915872,324203
06/23/95,908405,316736
06/30/95,912131,320462
07/07/95,910500,318831
07/14/95,910483,318814
07/21/95,903603,311931
07/28/95,906552,314880
08/04/95,899700,308000
08/11/95,902175,310505
08/18/95,894785,303115
08/25/95,897738,306068
09/01/95,905430,313760
09/08/95,900828,309158
09/15/95,899924,308251
09/22/95,899374,307701
09/29/95,894319,302646
10/06/95,890341,298668
10/13/95,890316,298643
10/20/95,892487,300819
10/27/95,894011,302343
11/03/95,897203,305535
11/10/95,895572,303909
11/17/95,905181,313518
11/24/95,911260,319597
12/01/95,908182,316519
12/08/95,903922,312259
12/15/95,909772,318121
12/22/95,903912,312264
12/29/95,893686,302038
01/05/96,894339,302691
01/12/96,897259,305619
01/19/96,901537,309897
01/26/96,899792,308152
02/02/96,897581,305941
02/09/96,895347,303707
02/16/96,892277,300647
02/23/96,892620,300990
03/01/96,889544,297914
03/08/96,897769,306139
03/15/96,892487,300870
03/22/96,891270,299653
03/29/96,886712,297590
04/05/96,888940,299811
04/12/96,888854,301210
04/19/96,884175,297181
04/26/96,883304,296811
05/03/96,890497,304004
05/10/96,888795,302302
05/17/96,884335,297850
05/24/96,885463,298978
05/31/96,896730,310915
06/07/96,894687,308884
06/14/96,891677,305874
06/21/96,891199,306730
06/28/96,898052,313583
07/05/96,899905,315440
07/12/96,896897,312913
07/19/96,892658,309075
07/26/96,893304,310190
08/02/96,890341,307429
08/09/96,887657,306268
08/16/96,889016,308148
08/23/96,898144,317849
08/30/96,891433,312784
09/06/96,886920,309345
09/13/96,883602,307358
09/20/96,884254,308534
09/27/96,877086,303421
10/04/96,876817,303152
10/11/96,873510,299851
10/18/96,879251,305592
10/25/96,876192,302533
11/01/96,886228,312569
11/08/96,881060,307439
11/15/96,878364,304974
11/22/96,872241,300178
11/29/96,871524,300405
12/06/96,869749,299649
12/13/96,866522,296702
12/20/96,858693,290599
12/27/96,860508,293041
01/03/97,851280,284518
01/10/97,855386,289570
01/17/97,853293,288105
01/24/97,856260,291477
01/31/97,861305,297512
02/07/97,864444,300960
02/14/97,868927,305445
02/21/97,868763,305281
02/28/97,863340,299858
03/07/97,868570,305088
03/14/97,868672,305198
03/21/97,867584,304110
03/28/97,873930,310456
04/04/97,873771,310297
04/11/97,876390,312921
04/18/97,877850,314371
04/25/97,880676,317197
05/02/97,880760,317291
05/09/97,887149,323686
05/16/97,881714,318251
05/23/97,884928,321465
05/30/97,889130,325667
06/06/97,888728,325265
06/13/97,887468,324009
06/20/97,887005,323546
06/27/97,881278,317819
07/04/97,886275,322816
07/11/97,883812,320357
07/18/97,881827,318372
07/25/97,871937,308482
08/01/97,871223,307768
08/08/97,876358,312906
08/15/97,876982,313530
08/22/97,871728,308276
08/29/97,870126,306674
09/05/97,864044,300592
09/12/97,867835,304386
09/19/97,863952,300503
09/26/97,865270,301821
10/03/97,869898,306449
10/10/97,867721,304277
10/17/97,864423,300979
10/24/97,869028,305584
10/31/97,875047,311603
11/07/97,873867,310423
11/14/97,879148,315709
11/21/97,882922,319483
11/28/97,885742,322303
12/05/97,880940,317501
12/12/97,883480,320041
12/19/97,879502,316072
12/26/97,876250,312820
01/02/98,869848,306418
01/09/98,868768,305339
01/16/98,879980,316551
01/23/98,885666,322237
01/30/98,885094,321615
02/06/98,885036,321607
02/13/98,886739,323309
02/20/98,889622,326192
02/27/98,888023,324593
03/06/98,887102,323672
03/13/98,885041,321615
03/20/98,891510,328084
03/27/98,893104,329678
04/03/98,894671,331245
04/10/98,900001,336575
04/17/98,905008,341582
04/24/98,905311,341885
05/01/98,907511,344085
05/08/98,906848,343422
05/15/98,918071,354645
05/22/98,914825,351399
05/29/98,910537,347111
06/05/98,909388,345962
06/12/98,906690,343264
06/19/98,905038,341610
06/26/98,906699,343271
07/03/98,903809,340381
07/10/98,897178,333749
07/17/98,902719,339290
07/24/98,906548,343119
07/31/98,907231,343802
08/07/98,908194,344765
08/14/98,907658,344229
08/21/98,900780,337354
08/28/98,900462,337036
09/04/98,891508,328082
09/11/98,889126,325700
09/18/98,879787,316361
09/25/98,882884,319458
10/02/98,885594,322168
10/09/98,892383,328957
10/16/98,895928,332502
10/23/98,899665,336239
10/30/98,903440,340014
11/06/98,902615,339189
11/13/98,900669,336654
11/20/98,905826,341811
11/27/98,900258,336243
12/04/98,898824,334809
12/11/98,902243,338228
12/18/98,908233,339708
12/25/98,905575,337050
01/01/99,890353,321828
01/08/99,892893,324368
01/15/99,895600,327075
01/22/99,901653,330248
01/29/99,904235,332830
02/05/99,904805,333400
02/12/99,903613,331662
02/19/99,906700,334700
02/26/99,903494,331543
03/05/99,906314,334363
03/12/99,909977,338026
03/19/99,912784,340833
03/26/99,916587,344636
04/02/99,914841,342890
04/09/99,916958,345007
04/16/99,913802,341851
04/23/99,910359,338408
04/30/99,908218,336267
05/07/99,905820,333869
05/14/99,906874,334422
05/21/99,904551,332099
05/28/99,903504,331052
06/04/99,905460,333008
06/11/99,908417,334822
06/18/99,905694,332099
06/25/99,903970,330375
07/02/99,903738,330143
07/09/99,907426,333831
07/16/99,909004,334205
07/23/99,903828,329029
07/30/99,900428,325629
08/06/99,898193,323394
08/13/99,897463,321761
08/20/99,892938,317236
08/27/99,893500,317798
09/03/99,888957,313255
09/10/99,884675,308973
09/17/99,884038,309162
09/24/99,879781,304905
10/01/99,879411,304535
10/08/99,872202,297326
10/15/99,876221,300749
10/22/99,876490,301018
10/29/99,880211,304739
11/05/99,877928,305137
11/12/99,879706,306937
11/19/99,874845,303874
11/26/99,869356,299520
12/03/99,867884,298769
12/10/99,861158,293183
12/17/99,860328,292352
12/24/99,859735,292051
12/31/99,858016,290332
01/07/00,860658,293416
01/14/00,860849,293331
01/21/00,859014,290899
01/28/00,850895,282481
02/04/00,855019,286025
02/11/00,855131,285839
02/18/00,854823,285530
02/25/00,854954,285859
03/03/00,859865,290491
03/10/00,860296,290922
03/17/00,861934,292561
03/24/00,861784,292411
03/31/00,863325,293913
04/07/00,866209,296797
04/14/00,871704,302291
04/21/00,876774,307361
04/28/00,873510,304097
05/05/00,878000,308587
05/12/00,878250,308837
05/19/00,879199,309786
05/26/00,874598,305185
06/02/00,870609,301196
06/09/00,869173,299760
06/16/00,864612,295199
06/23/00,863943,295526
06/30/00,862149,293732
07/07/00,863766,294874
07/14/00,863757,294389
07/21/00,864031,294663
07/28/00,853577,284110
08/04/00,855799,285447
08/11/00,859713,288847
08/18/00,855555,284689
08/25/00,857842,286736
09/01/00,860577,289471
09/08/00,859909,288544
09/15/00,857427,286062
09/22/00,856926,285561
09/29/00,857321,286653
10/06/00,858010,287730
10/13/00,853975,283213
10/20/00,856380,285618
10/27/00,852015,284129
11/03/00,848505,282510
11/10/00,848505,284007
11/17/00,850497,290171
11/24/00,844370,290093
12/01/00,844890,292090
12/08/00,836425,288721
12/15/00,835089,291754
12/22/00,832409,290503
12/29/00,829854,288666
01/05/01,828993,288315
01/12/01,827983,287305
01/19/01,826873,286195
01/26/01,823303,282625
02/02/01,827294,285621
02/09/01,830661,288985
02/16/01,818781,277105
02/23/01,821660,279984
03/02/01,818991,277315
03/09/01,827416,285286
03/16/01,832579,290288
03/23/01,843767,301476
03/30/01,845452,303161
04/06/01,849372,307081
04/13/01,855582,313292
04/20/01,854217,311867
04/27/01,860542,318192
05/04/01,861562,318753
05/11/01,864499,321229
05/18/01,867841,324571
05/25/01,866099,322829
06/01/01,867706,324436
06/08/01,859502,316232
06/15/01,858774,315504
06/22/01,858766,315496
06/29/01,854013,310743
07/06/01,851486,307753
07/13/01,858507,314774
07/20/01,859887,316154
07/27/01,858837,315104
08/03/01,852340,308607
08/10/01,849491,305757
08/17/01,845488,301754
08/24/01,848185,304451
08/31/01,846231,302497
09/07/01,847036,303302
09/14/01,846954,302676
09/21/01,850621,305862
09/28/01,852233,307474
10/05/01,852184,307424
10/12/01,847744,302984
10/19/01,850567,305807
10/26/01,853023,308263
11/02/01,857140,311935
11/09/01,857402,311668
11/16/01,856703,310448
11/23/01,854047,307268
11/30/01,858848,311523
12/07/01,856439,309114
12/14/01,857819,309475
12/21/01,861135,312088
12/28/01,858965,309918
01/04/02,861294,311055
01/11/02,863354,312083
01/18/02,867289,314832
01/25/02,870442,316938
02/01/02,873534,319310
02/08/02,878878,321811
02/15/02,876150,318703
02/22/02,875406,316235
03/01/02,880274,320549
03/08/02,880846,320882
03/15/02,884406,323490
03/22/02,879962,319046
03/29/02,885986,325071
04/05/02,886514,325027
04/12/02,882484,319362
04/19/02,885886,320948
04/26/02,891037,325520
05/03/02,886722,319966
05/10/02,883497,315779
05/17/02,888748,320409
05/24/02,888364,318873
05/31/02,895647,324905
06/07/02,895384,323525
06/14/02,895792,323042
06/21/02,893936,319603
06/28/02,896593,321176
07/05/02,893405,316961
07/12/02,892506,314981
07/19/02,889347,311299
07/26/02,887370,309322
08/02/02,885699,307177
08/09/02,879067,299972
08/16/02,882410,302825
08/23/02,883305,303089
08/30/02,879346,298461
09/06/02,875439,293174
09/13/02,871401,287770
09/20/02,869161,285178
09/27/02,860479,275196
10/04/02,856704,270472
10/11/02,867178,279447
10/18/02,874354,286224
10/25/02,875701,287138
11/01/02,879608,290533
11/08/02,874284,283643
11/15/02,880047,288098
11/22/02,877705,284199
11/29/02,881912,287275
12/06/02,885860,288722
12/13/02,884744,286661
12/20/02,886170,287376
12/27/02,877145,278250
01/03/03,877784,278689
01/10/03,871511,272260
01/17/03,873096,273845
01/24/03,872584,273337
01/31/03,873528,274281
02/07/03,869088,269841
02/14/03,872146,272899
02/21/03,871112,271865
02/28/03,872809,273562
03/07/03,869004,269757
03/14/03,869476,270229
03/21/03,873181,273934
03/28/03,879914,280667
04/04/03,876354,277107
04/11/03,876687,277239
04/18/03,885658,286210
04/25/03,887480,288032
05/02/03,886785,287200
05/09/03,884867,284477
05/16/03,886221,285141
05/23/03,887770,286168
05/30/03,891559,289032
06/06/03,888340,284365
06/13/03,893583,288349
06/20/03,889736,284204
06/27/03,889415,282088
07/04/03,890916,282224
07/11/03,887894,278594
07/18/03,886255,276255
07/25/03,888049,277349
08/01/03,892631,280218
08/08/03,892960,280398
08/15/03,891512,278812
08/22/03,894554,278628
08/29/03,897382,280389
09/05/03,894620,276164
09/12/03,899541,279313
09/19/03,902170,280803
09/26/03,902756,280756
10/03/03,909974,286169
10/10/03,915652,289966
10/17/03,915264,288171
10/24/03,920561,291811
10/31/03,921846,291860
11/07/03,922294,291085
11/14/03,926217,293995
11/21/03,921741,289106
11/28/03,917657,284277
12/05/03,912111,277932
12/12/03,907508,272808
12/19/03,910111,274453
12/26/03,907031,270676
01/02/04,907186,268954
01/09/04,903247,263970
01/16/04,904768,265182
01/23/04,904128,263666
01/30/04,912651,271588
02/06/04,910737,268882
02/13/04,917226,273782
02/20/04,919109,273782
02/27/04,922363,275782
03/05/04,927051,279509
03/12/04,929289,281089
03/19/04,938190,288621
03/26/04,945201,294319
04/02/04,944369,292226
04/09/04,948359,295374
04/16/04,949894,295582
04/23/04,955263,298761
04/30/04,956444,298856
05/07/04,958988,299955
05/14/04,958190,298859
05/21/04,958364,298884
05/28/04,962009,301663
06/04/04,963432,302089
06/11/04,964280,302941
06/18/04,966695,305356
06/25/04,967232,304852
07/02/04,967407,305027
07/09/04,965731,302855
07/16/04,962155,299282
07/23/04,964421,300454
07/30/04,963155,298639
08/06/04,959930,294260
08/13/04,959231,293049
08/20/04,958557,291349
08/27/04,955633,287117
09/03/04,954661,285658
09/10/04,947947,278646
09/17/04,939391,269534
09/24/04,943377,272935
10/01/04,944183,274033
10/08/04,947436,278236
10/15/04,948383,279434
10/22/04,952973,283378
10/29/04,959365,289650
11/05/04,961834,291511
11/12/04,963574,292326
11/19/04,963658,292411
11/26/04,964507,293260
12/03/04,966689,293917
12/10/04,967025,293791
12/17/04,969521,295915
12/24/04,968662,295056
12/31/04,965837,291837
01/07/05,964413,288807
01/14/05,968668,292208
01/21/05,973255,295637
01/28/05,973940,295313
02/04/05,973962,294287
02/11/05,976944,296429
02/18/05,978096,297037
02/25/05,980945,299432
03/04/05,984644,302629
03/11/05,988879,305222
03/18/05,994687,309319
03/25/05,1001580,314702
04/01/05,1004562,317062
04/08/05,1009467,320716
04/15/05,1008747,318943
04/22/05,1015098,324358
04/29/05,1018253,327038
05/06/05,1021716,329704
05/13/05,1026514,334047
05/20/05,1025269,332360
05/27/05,1027143,333848
06/03/05,1024693,330754
06/10/05,1023906,328971
06/17/05,1022955,327392
06/24/05,1024296,328496
07/01/05,1021183,324883
07/08/05,1017984,320984
07/15/05,1017568,320084
07/22/05,1015839,317839
07/29/05,1016240,318035
08/05/05,1019765,320832
08/12/05,1020829,321073
08/19/05,1023156,322925
08/26/05,1021905,321405
09/02/05,1015452,314952
09/09/05,1007592,308392
09/16/05,1004534,308070
09/23/05,1001158,305658
09/30/05,998662,305412
10/07/05,996949,306429
10/14/05,1000684,311984
10/21/05,1003498,316398
10/28/05,1004332,319132
11/04/05,1008056,323556
11/11/05,1006097,321397
11/18/05,1006151,321751
11/25/05,1002663,317563
12/02/05,1005883,320283
12/09/05,1006775,321175
12/16/05,1007575,322475
12/23/05,1007693,322593
12/30/05,1006180,321580
01/06/06,1002993,318693
01/13/06,1005734,321434
01/20/06,1003621,319125
01/27/06,1004744,321044
02/03/06,1004626,320726
02/10/06,1009479,325579
02/17/06,1011000,326700
02/24/06,1012938,328338
03/03/06,1019901,335101
03/10/06,1024737,339937
03/17/06,1023827,338627
03/24/06,1026357,340657
03/31/06,1029067,342767
04/07/06,1032454,345997
04/14/06,1032087,345191
04/21/06,1032081,344965
04/28/06,1034306,346692
05/05/06,1035021,346964
05/12/06,1035498,346899
05/19/06,1032500,343901
05/26/06,1034098,345500
06/02/06,1035244,346646
06/09/06,1034263,345666
06/16/06,1035650,347051
06/23/06,1032320,343722
06/30/06,1029899,341301
07/07/06,1023164,335316
07/14/06,1023314,335467
07/21/06,1023344,335497
07/28/06,1021569,333723
08/04/06,1020454,332609
08/11/06,1018847,331002
08/18/06,1018202,330359
08/25/06,1020682,332840
09/01/06,1018470,330628
09/08/06,1015564,327724
09/15/06,1012715,324876
09/22/06,1012605,324767
09/29/06,1015960,328122
10/06/06,1018457,330530
10/13/06,1023476,335550
10/20/06,1020540,332345
10/27/06,1022693,334255
11/03/06,1023205,334690
11/10/06,1024578,335973
11/17/06,1029739,341134
11/24/06,1029379,340774
12/01/06,1028330,339725
12/08/06,1024035,335430
12/15/06,1017712,329107
12/22/06,1009580,320975
12/29/06,1008281,319676
01/05/07,1003291,314686
01/12/07,1010059,321454
01/19/07,1010848,322243
01/26/07,1013532,324927
02/02/07,1013083,324478
02/09/07,1012494,323889
02/16/07,1016188,327583
02/23/07,1017609,329004
03/02/07,1012760,324156
03/09/07,1013940,325336
03/16/07,1017864,329260
03/23/07,1017017,328414
03/30/07,1021324,332721
04/06/07,1022060,333399
04/13/07,1021320,332405
04/20/07,1023504,334479
04/27/07,1024961,335648
05/04/07,1030636,341159
05/11/07,1031829,342220
05/18/07,1033880,344189
05/25/07,1032221,342233
06/01/07,1032615,342345
06/08/07,1032697,342427
06/15/07,1039599,349329
06/22/07,1041161,350891
06/29/07,1044312,354042
07/06/07,1042850,352580
07/13/07,1042401,352131
07/20/07,1041298,351028
07/27/07,1034801,344531
08/03/07,1030665,340395
08/10/07,1025498,335228
08/17/07,1027388,337118
08/24/07,1023903,333632
08/31/07,1019931,329660
09/07/07,1013086,322649
09/14/07,1009687,318775
09/21/07,1013158,320617
09/28/07,1014559,321755
10/05/07,1012884,320081
10/12/07,1015170,321865
10/19/07,1010428,316577
10/26/07,1006626,312683
11/02/07,1005897,311862
11/09/07,1009356,314676
11/16/07,1008378,313605
11/23/07,1007926,313153
11/30/07,1000649,305240
12/07/07,1000021,304518
12/14/07,992532,296932
12/21/07,989134,293633
12/28/07,985952,289577
01/04/08,979390,282841
01/11/08,985169,287100
01/18/08,987543,289397
01/25/08,991097,292952
02/01/08,998258,300004
02/08/08,999419,301070
02/15/08,1003623,305274
02/22/08,1007082,308505
02/29/08,1004160,305449
03/07/08,1010448,311626
03/14/08,1011263,311759
03/21/08,1011350,311847
03/28/08,1018914,319164
04/04/08,1016388,316016
04/11/08,1014673,313660
04/18/08,1017213,316081
04/25/08,1021268,319929
05/02/08,1026914,325583
05/09/08,1027751,325759
05/16/08,1023092,320442
05/23/08,1014848,311559
05/30/08,1010859,306757
06/06/08,1006450,302197
06/13/08,1005699,300955
06/20/08,1006604,301758
06/27/08,1005599,299776
07/04/08,999892,293936
07/11/08,1002956,296888
07/18/08,1001514,295330
07/25/08,1001549,295249
08/01/08,1003678,296863
08/08/08,1003762,296547
08/15/08,1013151,305937
08/22/08,1012973,305760
08/29/08,1011075,303862
09/05/08,1005247,298034
09/12/08,998918,291706
09/19/08,995975,290186
09/26/08,998878,294464
10/03/08,1005001,302587
10/10/08,1010332,308198
10/17/08,1013267,311380
10/24/08,1013706,311873
10/31/08,1013760,311927
11/07/08,1013780,311949
11/14/08,1015378,313548
11/21/08,1022658,320828
11/28/08,1022202,320372
12/05/08,1022592,320764
12/12/08,1023117,321289
12/19/08,1020014,318188
12/26/08,1020561,318737
01/02/09,1027243,325419
01/09/09,1028453,326563
01/16/09,1034726,332663
01/23/09,1041677,338881
01/30/09,1049570,346051
02/06/09,1054611,350768
02/13/09,1054572,350630
02/20/09,1055518,351347
02/27/09,1055493,350590
03/06/09,1057034,351339
03/13/09,1060777,353281
03/20/09,1065926,356583
03/27/09,1070442,359427
04/03/09,1073959,361072
04/10/09,1080893,366743
04/17/09,1086048,370600
04/24/09,1091326,374653
05/01/09,1093995,375258
05/08/09,1090221,370629
05/15/09,1088855,368524
05/22/09,1084727,363111
05/29/09,1087677,365977
06/05/09,1083295,361595
06/12/09,1080006,357721
06/19/09,1076633,353853
06/26/09,1073612,350193
07/03/09,1070715,347297
07/10/09,1068582,344484
07/17/09,1066785,342688
07/24/09,1071936,347840
07/31/09,1073606,349510
08/07/09,1076123,352029
08/14/09,1067725,343632
08/21/09,1067853,343760
08/28/09,1067480,343388
09/04/09,1061574,337482
09/11/09,1057344,332753
09/18/09,1060697,335608
09/25/09,1063491,338404
10/02/09,1062512,337426
10/09/09,1062846,337760
10/16/09,1064156,339072
10/23/09,1064932,339850
10/30/09,1060996,335914
11/06/09,1062757,337676
11/13/09,1061870,336789
11/20/09,1062888,337808
11/27/09,1065502,339899
12/04/09,1062205,336076
12/11/09,1058516,332387
12/18/09,1053674,327546
12/25/09,1052135,326008
01/01/10,1053954,327337
01/08/10,1057652,331036
01/15/10,1057181,330565
01/22/10,1053292,326677
01/29/10,1055609,328994
02/05/10,1058030,331418
02/12/10,1061115,334503
02/19/10,1064149,337537
02/26/10,1068181,341571
03/05/10,1069611,343003
03/12/10,1070623,344015
03/19/10,1077867,351260
03/26/10,1080796,354189
04/02/10,1082771,356165
04/09/10,1080567,353963
04/16/10,1082459,355857
04/23/10,1084421,357820
04/30/10,1087176,360575
05/07/10,1089123,362524
05/14/10,1089283,362686
05/21/10,1091743,365146
05/28/10,1089839,363244
06/04/10,1088010,361415
06/11/10,1089699,363105
06/18/10,1091716,365122
06/25/10,1089707,363115
07/02/10,1084745,358154
07/09/10,1079687,353096
07/16/10,1080047,353456
07/23/10,1087353,360764
07/30/10,1084569,357980
08/06/10,1081578,354992
08/13/10,1080760,354174
08/20/10,1084866,358282
08/27/10,1088290,361707
09/03/10,1086435,359854
09/10/10,1083946,357365
09/17/10,1084512,358335
09/24/10,1084210,357860
10/01/10,1087298,360948
10/08/10,1087045,360532
10/15/10,1087710,361199
10/22/10,1092758,366206
10/29/10,1094708,368156
11/05/10,1091432,364882
11/12/10,1084146,357596
11/19/10,1085174,358625
11/26/10,1086239,359691
12/03/10,1082420,355872
12/10/10,1072566,346018
12/17/10,1067231,340685
12/24/10,1065973,339427
12/31/10,1061812,335266
01/07/11,1059657,333112
01/14/11,1062273,335729
01/21/11,1067109,340565
01/28/11,1069703,343159
02/04/11,1071601,345057
02/11/11,1072460,345917
02/18/11,1073282,346739
02/25/11,1072918,346375
03/04/11,1075433,348891
03/11/11,1077178,350636
03/18/11,1079309,352767
03/25/11,1082254,355712
04/01/11,1084206,357664
04/08/11,1085833,359291
04/15/11,1083511,356969
04/22/11,1089667,363125
04/29/11,1093088,366546
05/06/11,1096869,370327
05/13/11,1096854,370312
05/20/11,1097470,370928
05/27/11,1100348,373806
06/03/11,1095503,368961
06/10/11,1092097,365555
06/17/11,1090375,363844
06/24/11,1086000,359469
07/01/11,1085111,358580
07/08/11,1081987,355456
07/15/11,1078260,351729
07/22/11,1078288,354025
07/29/11,1074736,354975
08/05/11,1067017,349750
08/12/11,1065336,353983
08/19/11,1058321,351770
08/26/11,1058876,357051
09/02/11,1050027,353088
09/09/11,1042323,346384
09/16/11,1034987,339048
09/23/11,1036916,340963
09/30/11,1032237,336284
10/07/11,1033584,337628
10/14/11,1028850,332899
10/21/11,1033585,337634
10/28/11,1035411,339460
11/04/11,1034041,338090
11/11/11,1032984,337034
11/18/11,1026766,330815
11/25/11,1030698,334747
12/02/11,1032034,336083
12/09/11,1030102,334151
12/16/11,1019532,323581
12/23/11,1023431,327480
12/30/11,1025640,329689
01/06/12,1030598,334647
01/13/12,1027160,331209
01/20/12,1030718,334767
01/27/12,1034893,338942
02/03/12,1035197,339246
02/10/12,1035026,339075
02/17/12,1036659,340708
02/24/12,1040819,344868
03/02/12,1041651,345700
03/09/12,1043401,347450
03/16/12,1042239,346288
03/23/12,1049341,353390
03/30/12,1058350,362399
04/06/12,1061141,365190
04/13/12,1064997,369046
04/20/12,1068975,373024
04/27/12,1071815,375864
05/04/12,1075467,379516
05/11/12,1077595,381644
05/18/12,1078478,382527
05/25/12,1080691,384740
06/01/12,1080580,384629
06/08/12,1080389,384438
06/15/12,1083250,387299
06/22/12,1083117,387166
06/29/12,1078847,382896
07/06/12,1074151,378200
07/13/12,1073342,377391
07/20/12,1076059,380108
07/27/12,1069536,373586
08/03/12,1065807,369857
08/10/12,1062108,366158
08/17/12,1056696,360746
08/24/12,1060474,364524
08/31/12,1053048,357098
09/07/12,1054042,359092
09/14/12,1062578,367626
09/21/12,1060132,365180
09/28/12,1059650,364698
10/05/12,1061322,366370
10/12/12,1064182,369230
10/19/12,1070078,375126
10/26/12,1068033,373081
11/02/12,1069799,374847
11/09/12,1070888,375936
11/16/12,1069422,374470
11/23/12,1069075,374123
11/30/12,1066718,371766
12/07/12,1067561,372609
12/14/12,1066597,371645
12/21/12,1066011,371059
12/28/12,1054891,359939
01/04/13,1056205,361253
01/11/13,1055569,360302
01/18/13,1058382,363115
01/25/13,1064522,369062
02/01/13,1067492,371685
02/08/13,1068214,372245
02/15/13,1072357,376388
02/22/13,1073487,377518
03/01/13,1077320,381351
03/08/13,1079944,383975
03/15/13,1078630,382661
03/22/13,1081886,385917
03/29/13,1084593,388624
04/05/13,1084843,388874
04/12/13,1083610,387641
04/19/13,1084557,388588
